title,link
"As Russia closes in on Kyiv, war across Ukraine becomes deadlier | ABC News",https://www.youtube.com/watch?v=UarBjS832A0
"Residents desperate to escape port city of Mariupol, Ukraine l GMA",https://www.youtube.com/watch?v=lE5X-jvNCUo
Ukraine fights back as struggle continues with Russia,https://www.youtube.com/watch?v=TFQqjq5M3Zg
Russia invades Ukraine LIVE | DW News livestream | Headline news from around the world,https://www.youtube.com/watch?v=V9KZGs1MtP4
"Ukrainian president pleads to U.S. senators for planes, drones and no-fly zone",https://www.youtube.com/watch?v=bd890HBHPRQ
"War in Ukraine: March 5, 2022",https://www.youtube.com/watch?v=wPn5n-05LdU
Man jumps on top of moving armored Russian vehicle while waving Ukrainian flag,https://www.youtube.com/watch?v=5KFcfVWbyzU
The Face Of Ukraine’s Refugee Crisis,https://www.youtube.com/watch?v=_2WmS-03Cno
Ukraine releases video of Russian helicopter being shot down,https://www.youtube.com/watch?v=3a3PQgD-LrA
What happened in Ukraine in week 2 of Russia’s assault,https://www.youtube.com/watch?v=_iMBfIVEub8
"Ukraine halts evacuation in Mariupol, accuses Russia of violating ceasefire",https://www.youtube.com/watch?v=oHER7HfxrzY
LIVE: Russia Invades Ukraine | NBC News NOW Simulcast of Sky News,https://www.youtube.com/watch?v=hDtCOtTOQ2g
Ukraine-Russia battle for Kyiv escalates,https://www.youtube.com/watch?v=mMci9ObFsLU
How is the war in Ukraine going for Russia? | DW News,https://www.youtube.com/watch?v=f1po2OdNnIc
'Hungry' Russian Soldiers Loot Ukrainian Shops,https://www.youtube.com/watch?v=OoM5yx1IVFY
How Russians Reacted When We Showed Them Pictures From Ukraine,https://www.youtube.com/watch?v=kELta9MLOzg
Heavy fighting near Ukraine's capital Kyiv - BBC News,https://www.youtube.com/watch?v=CbfqprwQpls
Lviv bracing for a potential Russian attack | CTV's Paul Workman in Ukraine,https://www.youtube.com/watch?v=sx6pU6rhjs0
Crowd of Ukrainian protesters stands ground as gunfire starts,https://www.youtube.com/watch?v=oehL9Ec1zQc
War in Ukraine: Special ITV News coverage as Russian invasion enters eleventh day | ITV News,https://www.youtube.com/watch?v=IvLNBjsLCiA
Ukraine conflict: Russia continues shelling after ceasefire agreement fails,https://www.youtube.com/watch?v=TsxpsLvtV_A
"Ukrainians strike massive Russian convoy, Pentagon says",https://www.youtube.com/watch?v=IsBc_Vbt1Uw
Russia in control of Ukraine nuclear plant after attack,https://www.youtube.com/watch?v=UxuH0MxtZII
Urban fighting could be disadvantage for Russian troops in Ukraine,https://www.youtube.com/watch?v=UToxerGSKko
Ukraine's armed forces claim to have shot down Russian military helicopter,https://www.youtube.com/watch?v=5IgoMxN-pEA
Russian attacks escalate across Ukraine,https://www.youtube.com/watch?v=wAq_gV8bRZ4
Footage shows how citizens try to stall Russian forces all over Ukraine | DW News,https://www.youtube.com/watch?v=UZhl9UnTXSc
'Desperation': Ex-intelligence chief on Putin's decision,https://www.youtube.com/watch?v=OvamWlE_UMk
Ukraine Invasion: President Zelenskyy says the West are supporting with actions,https://www.youtube.com/watch?v=95SdxxHkrxk
Fighting misinformation in Russia's invasion of Ukraine - BBC News,https://www.youtube.com/watch?v=HqipD0-OXqw
"Ukraine conflict: Russia attacks nuclear plant, amid fears strategic border now at risk",https://www.youtube.com/watch?v=d1WyGhqMx1M
Ukraine Invasion: NATO united over conflict,https://www.youtube.com/watch?v=bq6-WCAWxMQ
How is the war in Ukraine going for Russia? | DW News,https://www.youtube.com/watch?v=f1po2OdNnIc
Europe's largest nuclear power station shelled by Russia in Ukraine - BBC News,https://www.youtube.com/watch?v=Jsf54T0YATs
Ukraine-Russia battle for Kyiv escalates,https://www.youtube.com/watch?v=mMci9ObFsLU
War in Ukraine: Seven days that changed the world - BBC News,https://www.youtube.com/watch?v=BzR_K2tEXSo
"Ukraine Invasion: 'More deaths, more suffering and more destruction' to come warns NATO",https://www.youtube.com/watch?v=ddx154BUHmE
Slovenia PM: 'Defending Ukraine is defending Europe',https://www.youtube.com/watch?v=xlvmnN1mg6k
Ukrainian city on alert as Russian troops approach,https://www.youtube.com/watch?v=iwNzq2iC-nU
Russia Ukraine conflict: Europe’s biggest nuclear power plant attacked,https://www.youtube.com/watch?v=OHGKR8j2Ouo
Watch: Ukraine’s Zelensky lashes out at NATO over no-fly zone request | Russian invasion,https://www.youtube.com/watch?v=JjiOInPy-HE
NATO rejects Ukraine's 'no-fly zone' request | Latest English News | World News | WION,https://www.youtube.com/watch?v=ZsqT-zHzCp8
On the Ground in Ukraine: A VICE News Tonight Special Report,https://www.youtube.com/watch?v=fk5DgCwdTCw
Russian couple speaks out against Ukraine War despite possible imprisonment,https://www.youtube.com/watch?v=1HfEMydOwxQ
"30K foreign nationals looking to join fight in Ukraine, official says",https://www.youtube.com/watch?v=FoUiva2SivQ
What do Russians in Estonia think about the war in Ukraine? | Focus on Europe,https://www.youtube.com/watch?v=C29ugQqjsG8
"Global National: March 4, 2022 | Ukrainians resist as Russia hammers major cities",https://www.youtube.com/watch?v=0TP17iVtTig
Russia vs Ukraine War Update | Putin Says Ukraine's future in Doubt | NATO | War News | TV9 LIVE,https://www.youtube.com/watch?v=ho5lQRsqBYs
Battle for the Black Sea,https://www.youtube.com/watch?v=li_NrhV5Nt8
War in Ukraine: Can India stay on the fence? Or will it have to pick sides? | DW Interview,https://www.youtube.com/watch?v=aAweLw6cbro
Ukraine-Russia end round 2 of talks: Agreement reached on Humanitarian corridor | English News,https://www.youtube.com/watch?v=XkM2I6O4E_k
Russia announces humanitarian corridors for two Ukrainian cities - BBC News,https://www.youtube.com/watch?v=zkGviyFI7NI
‘Covert Action’ By U.S. To Assist Ukraine Could Be In Play Says Naveed Jamali,https://www.youtube.com/watch?v=XRz4Y3wQM2I
Russian invasion upends lives of Ukrainians,https://www.youtube.com/watch?v=vKPDVoZiIg0
"Ukraine Invasion: 'Meet me, I don't bite,' Zelenskyy tells Putin",https://www.youtube.com/watch?v=mfsJv6RJjaw
Ukraine nuclear plant under Russian attack,https://www.youtube.com/watch?v=5P6eidg59ek
Who has sent weapons to Ukraine?,https://www.youtube.com/watch?v=Do-buN3KSkU
Fire breaks out at site of Zaporizhzhia nuclear power plant in Ukraine,https://www.youtube.com/watch?v=kK7xG_Q0Tkg
Russian helicopter shot down by missile in Ukraine - BBC News,https://www.youtube.com/watch?v=QnuHo8_EQQI
"VICE News reporter describes on the ground situation in Ukraine, growing humanitarian crisis",https://www.youtube.com/watch?v=C-fh6R4zHb8
Putin's war: Who's next after Ukraine? | Conflict Zone special edition,https://www.youtube.com/watch?v=hXo0rkQF8K8
Russia could take Ukraine war to space,https://www.youtube.com/watch?v=IrlnQBt2C0g
Ukraine invasion: Drone footage shows devastation in Borodyanka,https://www.youtube.com/watch?v=-EGCRkI2R-k
Analysis: Russia changes tack in Ukraine conflict | ABC News,https://www.youtube.com/watch?v=gvODed8VUSo
Ukraine Invasion: Bombing in Chernahiv escalates,https://www.youtube.com/watch?v=XXrQ-MqbbvM
What An Attack On A Nuclear Power Plant Could Mean For Ukraine,https://www.youtube.com/watch?v=x3tR3y_T7RU
War in Ukraine: A week that shook the world | DW News,https://www.youtube.com/watch?v=x0tUvSjAJto
Biden speaks to Ukraine President Zelensky amid reports of a fire at Europe's largest nuclear plant,https://www.youtube.com/watch?v=8XKb3yrVeeM
Ukraine war: Is Putin’s attack plan coming unstuck? - BBC Newsnight,https://www.youtube.com/watch?v=ivPMX4Vzuek
Russian invasion of Ukraine: images of the last 24 hours (3-4 March),https://www.youtube.com/watch?v=ESSIDkM6__8
"Ukraine, Russia agree to allow humanitarian corridors",https://www.youtube.com/watch?v=K5rCh3niu-4
Ukraine Crisis: Russia Captures Kherson,https://www.youtube.com/watch?v=mJs9psdyMc4
Russia-Ukraine peace talks end without deal,https://www.youtube.com/watch?v=4lQ5wGhEREI
Ukraine's President Volodymyr Zelenskyy makes emotional plea for EU membership | DW News,https://www.youtube.com/watch?v=hL1jU4v0_6g
Russia attacks Europe’s biggest nuclear power plant in Ukraine | 9 News Australia,https://www.youtube.com/watch?v=3Uj_QovBbhE
Is Putin's invasion of Ukraine backfiring?,https://www.youtube.com/watch?v=H0HMwDFgmAQ
'I will be Ukrainian until I die',https://www.youtube.com/watch?v=JlglRm0dDxA
"Men, some in their teens, join Ukraine's resistance fighters | DW News",https://www.youtube.com/watch?v=SqP5Yx57aeo
Ukraine Invasion: Russia targets Ukraine resources,https://www.youtube.com/watch?v=n1yz3LbNhfY
"Ukraine and Russia agree on humanitarian corridors, ICC probes war crimes investigation | DW News",https://www.youtube.com/watch?v=QJhknaP65qc
Ukraine Invasion: Fears 'worst is yet to come' in Putin's war,https://www.youtube.com/watch?v=vk_Yl4NOPNI
What if the Ukraine crisis doesn’t end?,https://www.youtube.com/watch?v=9WfZ5Wr_S8U
In full: Putin makes statement on Ukraine invasion,https://www.youtube.com/watch?v=7LgDYFu_5fU
"War in Ukraine: March 3, 2022 l ABC News",https://www.youtube.com/watch?v=RWomdOQ-5Zs
Russian troops intensify attacks on Ukraine cities | DW News,https://www.youtube.com/watch?v=EJwqQ8YbHhg
Fire Extinguished At Ukrainian Nuclear Power Plant After Russian Attack,https://www.youtube.com/watch?v=UWz5NSjlJ7Q
Ukraine continues fighting back despite Russia escalating their attacks | ABC News,https://www.youtube.com/watch?v=CUDiUg_OPCU
War in Ukraine - Temporary ceasefire: Why Mariupol and Volnovakha? • FRANCE 24 English,https://www.youtube.com/watch?v=v_3fLAB3krk
Nuclear Power Plant In Ukraine Under Attack By Russian Troops; Fire Reported,https://www.youtube.com/watch?v=zZO2x2o-rHg
Ukraine Invasion: Russia starts surrounding major cities,https://www.youtube.com/watch?v=EdXME2_D5ss
Watch live: A special programme on the Ukraine invasion,https://www.youtube.com/watch?v=crWAMd1ef1c
Russian forces take control of nuclear power plant in Ukraine | 9 News Australia,https://www.youtube.com/watch?v=2aMrnCFnYeE
Protests Around The World In Support Of Ukraine,https://www.youtube.com/watch?v=r0FuHDeIZZM
U.S. Working With Ukraine’s Cyber Defenses To Prepare For The Worst Against Russia,https://www.youtube.com/watch?v=VLqattbz_k8
Russian foreign minister talks attacks on Ukraine l GMA,https://www.youtube.com/watch?v=-IDJ2yBcCrc
EUROPA UNTER SCHOCK: Russland nimmt AKW ins Visier - Heftige Kämpfe in der Ukraine | WELT Newsstream,https://www.youtube.com/watch?v=sgH02Oynrw0
Expert reacts to Ukraine nuclear power plant fire,https://www.youtube.com/watch?v=9U8u0nKS52E
ABC News Live: 2nd round of peace talks have begun between Ukraine Russia negotiators,https://www.youtube.com/watch?v=JCli5LdjnN0
Ukraine President Zelenskyy delivers defiant message to Russian troops | DW News,https://www.youtube.com/watch?v=SNrBjlbj9SM
Russian Invasion Of Ukraine Shows No Signs Of Slowing Down As Blasts Continue,https://www.youtube.com/watch?v=byzkPVzjN78
"Ukraine conflict: Russian invasion ‘going to plan’, says Vladimir Putin",https://www.youtube.com/watch?v=vO2j5lQGbd8
Zee Hindustan live news: रूस यूक्रेन | Ukraine Russia conflict updates | Kyiv under attack | Putin,https://www.youtube.com/watch?v=AhZLK_2bQJk
"Global National: March 3, 2022 | Growing number of Ukrainians seeking refuge in Poland",https://www.youtube.com/watch?v=pA2BjTv5mwI
